id,sku,name,url_key,price,regular_price,image
8428844,2003675000000,Kofta Meatballs with Cheese,kofta-meatballs-with-cheese,495.0,495.0,https://mcprod.seoudisupermarket.com/media/catalog/product/cache/da04281da854ec319aff2207cb4cdbf5/2/0/2003675000000.jpg
3644728,2000714000000,Baladi Beef Kebab Halla,baladi-beef-kebab-halla,540.0,540.0,https://mcprod.seoudisupermarket.com/media/catalog/product/cache/da04281da854ec319aff2207cb4cdbf5/2/0/2000714000000.jpg
3644794,2004349000000,Baladi Low Fat Beef Cubes,baladi-low-fat-beef-cubes,500.0,500.0,https://mcprod.seoudisupermarket.com/media/catalog/product/cache/da04281da854ec319aff2207cb4cdbf5/2/0/2004349370853.png
3644776,2000789000000,Baladi Beef Cubes,baladi-beef-cubes,490.0,490.0,https://mcprod.seoudisupermarket.com/media/catalog/product/cache/da04281da854ec319aff2207cb4cdbf5/2/0/2000789361802.png
22755,2000492000000,Baladi Low Fat Minced Meat,baladi-low-fat-minced-meat,540.0,540.0,https://mcprod.seoudisupermarket.com/media/catalog/product/cache/da04281da854ec319aff2207cb4cdbf5/m/i/microsoftteams-image_79_.png
3644740,2000718000000,Minced Meat,minced-meat,440.0,440.0,https://mcprod.seoudisupermarket.com/media/catalog/product/cache/da04281da854ec319aff2207cb4cdbf5/2/0/2000718000000_1.jpg
3644731,2000715000000,Baladi Beef Escalopes,baladi-beef-escalopes,540.0,540.0,https://mcprod.seoudisupermarket.com/media/catalog/product/cache/da04281da854ec319aff2207cb4cdbf5/2/0/2000715000000_55.jpg
3644734,2000716000000,Baladi Beef Entrecote Steak,baladi-beef-entrecote-steak,540.0,540.0,https://mcprod.seoudisupermarket.com/media/catalog/product/cache/da04281da854ec319aff2207cb4cdbf5/2/0/2000716000000.jpg
250761,2003787000000,Baladi Seoudi Seasoned Entrecote Steak,baladi-seoudi-seasoned-entrecote-steak,540.0,540.0,https://mcprod.seoudisupermarket.com/media/catalog/product/cache/da04281da854ec319aff2207cb4cdbf5/2/0/2000716000000_copy.jpg
250764,2003788000000,Baladi Beef Shawerma Escalopes,baladi-beef-shawerma-escalopes,540.0,540.0,https://mcprod.seoudisupermarket.com/media/catalog/product/cache/da04281da854ec319aff2207cb4cdbf5/2/0/2003923000000_copy_1_1.jpg
6762,2000723000000,Seoudi Beef Seasoned Shawerma,seoudi-beef-seasoned-shawerma,535.0,535.0,https://mcprod.seoudisupermarket.com/media/catalog/product/cache/da04281da854ec319aff2207cb4cdbf5/2/0/2000723194541_copy.jpg
3644758,2000727000000,Seoudi Oriental Sausage,seoudi-oriental-sausage,425.0,425.0,https://mcprod.seoudisupermarket.com/media/catalog/product/cache/da04281da854ec319aff2207cb4cdbf5/2/0/2000727000000.jpg
18219,2004001000000,Seoudi Low Fat Beef Sausage,seoudi-low-fat-beef-sausage,515.0,515.0,https://mcprod.seoudisupermarket.com/media/catalog/product/cache/da04281da854ec319aff2207cb4cdbf5/2/0/2000727000000_copy_1.jpg
17403,2004010000000,Seoudi Low Fat Burger,seoudi-low-fat-burger,515.0,515.0,https://mcprod.seoudisupermarket.com/media/catalog/product/cache/da04281da854ec319aff2207cb4cdbf5/l/o/low_fat.jpg
3644755,2000726000000,Seoudi Beef Burger,seoudi-beef-burger,425.0,425.0,https://mcprod.seoudisupermarket.com/media/catalog/product/cache/da04281da854ec319aff2207cb4cdbf5/2/0/2000726000000.jpg
33594,2004011000000,Seoudi Low Fat Beef Kofta,seoudi-low-fat-beef-kofta,515.0,515.0,https://mcprod.seoudisupermarket.com/media/catalog/product/cache/da04281da854ec319aff2207cb4cdbf5/k/o/koftaaa.jpg
3644749,2000721000000,Seoudi Kofta Beef Skewers,seoudi-kofta-beef-skewers,425.0,425.0,https://mcprod.seoudisupermarket.com/media/catalog/product/cache/da04281da854ec319aff2207cb4cdbf5/2/0/2000721000000.jpg
3648123,2000897000000,Seoudi Kofta Dawood Basha,seoudi-kofta-dawood-basha,420.0,420.0,https://mcprod.seoudisupermarket.com/media/catalog/product/cache/da04281da854ec319aff2207cb4cdbf5/2/0/2000897000000_copy.jpg
6765,2000722000000,Seoudi Rice Kofta,seoudi-rice-kofta,415.0,415.0,https://mcprod.seoudisupermarket.com/media/catalog/product/cache/da04281da854ec319aff2207cb4cdbf5/2/0/2000722000000_copy_1_.jpg
17706,2000796000000,Seoudi Low Fat Hawawshi - 1 Piece,seoudi-low-fat-hawawshi-1-piece,210.0,210.0,https://mcprod.seoudisupermarket.com/media/catalog/product/cache/da04281da854ec319aff2207cb4cdbf5/2/0/2000796000000_1.jpg
3644782,2000797000000,Seoudi Hawawshi - 1 Piece,seoudi-hawawshi-1-piece,150.0,150.0,https://mcprod.seoudisupermarket.com/media/catalog/product/cache/da04281da854ec319aff2207cb4cdbf5/2/0/2000797000000.jpg
33357,2003686000000,Seoudi Mini Hawawshi,seoudi-mini-hawawshi,395.0,395.0,https://mcprod.seoudisupermarket.com/media/catalog/product/cache/da04281da854ec319aff2207cb4cdbf5/m/i/minihawashi.png
6717,2000763000000,Baladi Beef T-Bone Steak,baladi-beef-tbone-steak,545.0,545.0,https://mcprod.seoudisupermarket.com/media/catalog/product/cache/da04281da854ec319aff2207cb4cdbf5/2/0/2000763000000.png
52953,2003938000000,Baladi Beef Rib Eye,baladi-beef-rib-eye,545.0,545.0,https://mcprod.seoudisupermarket.com/media/catalog/product/cache/da04281da854ec319aff2207cb4cdbf5/2/0/2000716000000_2_copy.jpg
119639,2003843000000,Beef Toma Hawk Steak,beef-toma-hawk-steak,525.0,525.0,https://mcprod.seoudisupermarket.com/media/catalog/product/cache/da04281da854ec319aff2207cb4cdbf5/2/0/2003843000000.png
6732,2000748000000,Beef Tail,beef-tail,525.0,525.0,https://mcprod.seoudisupermarket.com/media/catalog/product/cache/da04281da854ec319aff2207cb4cdbf5/2/0/2000748115576_copy.jpg
3644761,2000745000000,Baladi Beef Liver,baladi-beef-liver,555.0,555.0,https://mcprod.seoudisupermarket.com/media/catalog/product/cache/da04281da854ec319aff2207cb4cdbf5/2/0/2000745000000.png
19938,2000949000000,Beef Heart & Kidney,beef-heart-kidney,400.0,400.0,https://mcprod.seoudisupermarket.com/media/catalog/product/cache/da04281da854ec319aff2207cb4cdbf5/2/0/2000949096926_copy.jpg
5595,2000703000000,Baladi Lamb Livers,baladi-lamb-livers,575.0,575.0,https://mcprod.seoudisupermarket.com/media/catalog/product/cache/da04281da854ec319aff2207cb4cdbf5/2/0/2000703000000.png
51954,2000491000000,Beef Ossobuco,beef-ossobuco,515.0,515.0,https://mcprod.seoudisupermarket.com/media/catalog/product/cache/da04281da854ec319aff2207cb4cdbf5/d/s/dsc_0403_copy.jpg
562719,2000788000000,Beef Brisket,beef-brisket,440.0,440.0,https://mcprod.seoudisupermarket.com/media/catalog/product/cache/da04281da854ec319aff2207cb4cdbf5/2/0/2000788128444_copy.jpg
3644737,2000717000000,Baladi Beef Shanks,baladi-beef-shanks,540.0,540.0,https://mcprod.seoudisupermarket.com/media/catalog/product/cache/da04281da854ec319aff2207cb4cdbf5/2/0/2000717000000.png
104159,2003846000000,Beef Short Ribs,beef-short-ribs,420.0,420.0,https://mcprod.seoudisupermarket.com/media/catalog/product/cache/da04281da854ec319aff2207cb4cdbf5/2/0/2003846000000.png
3644743,2000719000000,Baladi Roast Beef,baladi-roast-beef,630.0,630.0,https://mcprod.seoudisupermarket.com/media/catalog/product/cache/da04281da854ec319aff2207cb4cdbf5/2/0/2000719000000.jpg
3644746,2000720000000,Baladi Beef Tenderloin Medallion,baladi-beef-tenderloin-medallion,700.0,700.0,https://mcprod.seoudisupermarket.com/media/catalog/product/cache/da04281da854ec319aff2207cb4cdbf5/2/0/2000720000000_copy.jpg
6759,2000725000000,Baladi Mazalika,baladi-mazalika,235.0,265.0,https://mcprod.seoudisupermarket.com/media/catalog/product/cache/da04281da854ec319aff2207cb4cdbf5/2/0/2000725000000.jpg
5988,2000355000000,Alexandrian Low Fat Beef Sausages,alexandrian-low-fat-beef-sausages,419.8,479.95,https://mcprod.seoudisupermarket.com/media/catalog/product/cache/da04281da854ec319aff2207cb4cdbf5/2/0/2000355085477_copy.jpg
16314,2000773000000,Frozen Shoulder Veal with Bones,frozen-shoulder-veal-with-bones,229.95,229.95,https://mcprod.seoudisupermarket.com/media/catalog/product/cache/da04281da854ec319aff2207cb4cdbf5/p/n/pngegg_25_.png
6753,2000729000000,Chicken Breasts,chicken-breasts,312.0,312.0,https://mcprod.seoudisupermarket.com/media/catalog/product/cache/da04281da854ec319aff2207cb4cdbf5/2/0/2000729000000.jpg
15597,2004013000000,Seoudi Marinated Chicken Breasts with Eggs & Bread Crumbs,seoudi-marinated-chicken-breasts-with-eggs-bread-crumbs,321.0,321.0,https://mcprod.seoudisupermarket.com/media/catalog/product/cache/da04281da854ec319aff2207cb4cdbf5/2/0/2004013000000_thumbnail.jpg
1772842,2007787000000,Marinated Chicken Breasts For Grilling,marinated-chicken-breasts-for-grilling,364.0,364.0,https://mcprod.seoudisupermarket.com/media/catalog/product/cache/da04281da854ec319aff2207cb4cdbf5/2/0/2007787000000.jpg
1506685,2007755000000,Seoudi Tandoori Chicken Breasts,seoudi-tandoori-chicken-breasts,387.0,387.0,https://mcprod.seoudisupermarket.com/media/catalog/product/cache/da04281da854ec319aff2207cb4cdbf5/7/7/7755_copy.jpg
1506679,2007753000000,Seoudi Honey Mustard Marinade Chicken Breasts,seoudi-honey-mustard-marinade-chicken-breasts,390.0,390.0,https://mcprod.seoudisupermarket.com/media/catalog/product/cache/da04281da854ec319aff2207cb4cdbf5/7/7/7753_copy.jpg
1506682,2007754000000,Seoudi Curry Chicken Breasts,seoudi-curry-chicken-breasts,378.0,378.0,https://mcprod.seoudisupermarket.com/media/catalog/product/cache/da04281da854ec319aff2207cb4cdbf5/7/7/7754_copy.jpg
1506718,2007766000000,Seoudi Stuffed Chicken Breasts,seoudi-stuffed-chicken-breasts,383.0,383.0,https://mcprod.seoudisupermarket.com/media/catalog/product/cache/da04281da854ec319aff2207cb4cdbf5/7/6/766_copy.jpg
13821,2003915000000,Chicken Cordon Bleu,cordon-bleu,422.0,422.0,https://mcprod.seoudisupermarket.com/media/catalog/product/cache/da04281da854ec319aff2207cb4cdbf5/c/o/cordon_bleu_2_.jpg
6750,2000730000000,Chicken thigh,chicken-thigh,147.0,147.0,https://mcprod.seoudisupermarket.com/media/catalog/product/cache/da04281da854ec319aff2207cb4cdbf5/2/0/2000730000000_thumbnail.jpg
1506712,2007764000000,Seoudi Garlic Thyme Chicken Thighs,seoudi-garlic-thyme-chicken-thighs,240.0,240.0,https://mcprod.seoudisupermarket.com/media/catalog/product/cache/da04281da854ec319aff2207cb4cdbf5/7/7/7764_copy.jpg
1506715,2007765000000,Seoudi Marinated Chicken Thighs,seoudi-marinated-chicken-thighs,193.0,193.0,https://mcprod.seoudisupermarket.com/media/catalog/product/cache/da04281da854ec319aff2207cb4cdbf5/7/7/7765_copy.jpg
6735,2000743000000,Chicken Drumsticks,chicken-drumsticks,165.0,165.0,https://mcprod.seoudisupermarket.com/media/catalog/product/cache/da04281da854ec319aff2207cb4cdbf5/2/0/2000743000000_thumbnail.jpg
1506697,2007759000000,Seoudi Marinated Chicken Drum Sticks,seoudi-marinated-chicken-drum-sticks,212.0,212.0,https://mcprod.seoudisupermarket.com/media/catalog/product/cache/da04281da854ec319aff2207cb4cdbf5/2/0/2007759000000_copy.jpg
1506694,2007758000000,Seoudi Garlic Thyme Chicken Drum Sticks,seoudi-garlic-thyme-chicken-drum-sticks,259.0,259.0,https://mcprod.seoudisupermarket.com/media/catalog/product/cache/da04281da854ec319aff2207cb4cdbf5/2/0/2007758000000_copy.jpg
132507,2003845000000,Seoudi Marinated Chicken Drumb with Eggs & Bread Crumbs,seoudi-marinated-chicken-drumb-with-eggs-bread-crumbs,207.0,207.0,https://mcprod.seoudisupermarket.com/media/catalog/product/cache/da04281da854ec319aff2207cb4cdbf5/2/0/2003845000000_copy.jpg
6741,2000734000000,Seoudi Shish Tawook,seoudi-shish-tawook,257.0,257.0,https://mcprod.seoudisupermarket.com/media/catalog/product/cache/da04281da854ec319aff2207cb4cdbf5/2/0/2000734112398_copy.jpg
1506706,2007762000000,Seoudi Garlic Thyme Shish Tawook,seoudi-garlic-thyme-shish-tawook,354.0,354.0,https://mcprod.seoudisupermarket.com/media/catalog/product/cache/da04281da854ec319aff2207cb4cdbf5/2/0/2007762000000_copy.jpg
1506709,2007763000000,Seoudi Marinated Shish Tawook,seoudi-marinated-shish-tawook-grill,307.0,307.0,https://mcprod.seoudisupermarket.com/media/catalog/product/cache/da04281da854ec319aff2207cb4cdbf5/7/7/7763_copy.jpg
1506703,2007761000000,Seoudi Yogurt & Herbs Shish Tawook,seoudi-yogurt-herbs-shish-tawook,324.0,324.0,https://mcprod.seoudisupermarket.com/media/catalog/product/cache/da04281da854ec319aff2207cb4cdbf5/7/7/7761_copy.jpg
1506700,2007760000000,Seoudi Tandoori Shish Tawook,seoudi-tandoori-shish-tawook,330.0,330.0,https://mcprod.seoudisupermarket.com/media/catalog/product/cache/da04281da854ec319aff2207cb4cdbf5/7/7/7760_copy.jpg
169503,2004355000000,Seoudi Chicken Nuggets,seoudi-chicken-nuggets,390.0,390.0,https://mcprod.seoudisupermarket.com/media/catalog/product/cache/da04281da854ec319aff2207cb4cdbf5/2/0/2004355048708_copy.jpg
19983,2000757000000,Seoudi Spicy Chicken Fajita,seoudi-spicy-chicken-fajita,406.0,406.0,https://mcprod.seoudisupermarket.com/media/catalog/product/cache/da04281da854ec319aff2207cb4cdbf5/t/t/ttt1.jpg
169512,2004354000000,Seoudi Chicken Hawawshi,seoudi-chicken-hawawshi,321.0,321.0,https://mcprod.seoudisupermarket.com/media/catalog/product/cache/da04281da854ec319aff2207cb4cdbf5/2/0/2004354000000_copy.jpg
1506691,2007757000000,Seoudi Marinated Rosto Chicken,seoudi-marinated-rosto-chicken,256.0,256.0,https://mcprod.seoudisupermarket.com/media/catalog/product/cache/da04281da854ec319aff2207cb4cdbf5/2/0/2007757000000_copy.jpg
1506688,2007756000000,Seoudi Half Marinated Chicken for Grilling,دجاج-سليم-متبل-للشوى-وزن,222.0,222.0,https://mcprod.seoudisupermarket.com/media/catalog/product/cache/da04281da854ec319aff2207cb4cdbf5/7/7/7756_copy.jpg
169509,2004356000000,Seoudi Chicken Mushroom Piccata,seoudi-chicken-mushroom-piccata,390.0,390.0,https://mcprod.seoudisupermarket.com/media/catalog/product/cache/da04281da854ec319aff2207cb4cdbf5/2/0/2004356110091_copy.jpg
5589,2000752000000,Fresh Turkey Breasts,fresh-turkey-breasts,324.95,324.95,https://mcprod.seoudisupermarket.com/media/catalog/product/cache/da04281da854ec319aff2207cb4cdbf5/2/0/2000752000000.jpg
6747,2000731000000,Chicken Livers,chicken-livers,160.0,160.0,https://mcprod.seoudisupermarket.com/media/catalog/product/cache/da04281da854ec319aff2207cb4cdbf5/2/0/2000731000000.png
6726,2000751000000,Whole Lamb,whole-lamb,570.0,570.0,https://mcprod.seoudisupermarket.com/media/catalog/product/cache/da04281da854ec319aff2207cb4cdbf5/2/0/2000751000000.jpg
3646149,2000785000000,Baladi Lamb Shoulder,baladi-lamb-shoulder,595.0,595.0,https://mcprod.seoudisupermarket.com/media/catalog/product/cache/da04281da854ec319aff2207cb4cdbf5/2/0/2000785000000_copy_2.jpg
3646143,2000744000000,Baladi Lambs Ribs,baladi-lambs-ribs,665.0,665.0,https://mcprod.seoudisupermarket.com/media/catalog/product/cache/da04281da854ec319aff2207cb4cdbf5/2/0/2000744000000_newww.jpg
3646152,2000786000000,Baladi Lamb Thigh,baladi-lamb-thigh,585.0,585.0,https://mcprod.seoudisupermarket.com/media/catalog/product/cache/da04281da854ec319aff2207cb4cdbf5/2/0/2000786000000_copy_2.jpg
3645244,6223002610617,Shahd Whole Chicken - 1000 - 1100 g,shahd-whole-chicken-1000-1100-g,236.0,236.0,https://mcprod.seoudisupermarket.com/media/catalog/product/cache/da04281da854ec319aff2207cb4cdbf5/6/2/6223002610617_new.jpg
3645247,6223002610624,Shahd Whole Chicken - 1100 - 1200 g,shahd-whole-chicken-1100-1200-g,259.0,259.0,https://mcprod.seoudisupermarket.com/media/catalog/product/cache/da04281da854ec319aff2207cb4cdbf5/6/2/6223002610624_new.jpg
3645250,6223002610631,Shahd Whole Chicken - 1200 - 1300 g,shahd-whole-chicken-1200-1300-g,281.0,281.0,https://mcprod.seoudisupermarket.com/media/catalog/product/cache/da04281da854ec319aff2207cb4cdbf5/6/2/6223002610631_new.jpg
3645253,6223002610662,Shahd Chicken Fillet - 1 kg,shahd-chicken-fillet-1-kg,429.0,429.0,https://mcprod.seoudisupermarket.com/media/catalog/product/cache/da04281da854ec319aff2207cb4cdbf5/6/2/6223002610662_new.jpg
3645256,6223002610686,Shahd Shish Tawook - 1 kg,shahd-shish-tawook-1-kg,392.0,392.0,https://mcprod.seoudisupermarket.com/media/catalog/product/cache/da04281da854ec319aff2207cb4cdbf5/6/2/6223002610686_new.jpg
3645259,6223002610709,Shahd Chicken thigh - 1 kg,shahd-chicken-thigh-1-kg,188.0,188.0,https://mcprod.seoudisupermarket.com/media/catalog/product/cache/da04281da854ec319aff2207cb4cdbf5/6/2/6223002610709_new.jpg
3645262,6223002610723,Shahd Chicken Livers - 500 g,shahd-chicken-livers-500-g,111.0,111.0,https://mcprod.seoudisupermarket.com/media/catalog/product/cache/da04281da854ec319aff2207cb4cdbf5/6/2/6223002610723_new.jpg
3645319,6223005081261,Temry Whole Chicken - 1100 - 1200 g,temry-whole-chicken-1100-1200-g,259.0,259.0,https://mcprod.seoudisupermarket.com/media/catalog/product/cache/da04281da854ec319aff2207cb4cdbf5/6/2/6223005081261_new_imaage.jpg
3645322,6223005081278,Temry Whole Chicken - 1200 - 1300 g,temry-whole-chicken-1200-1300-g,281.0,281.0,https://mcprod.seoudisupermarket.com/media/catalog/product/cache/da04281da854ec319aff2207cb4cdbf5/6/2/6223005081278_neww_image.jpg
3645328,6223005081407,Temry Chicken thigh - 1 kg,temry-chicken-thigh-1-kg,169.95,188.0,https://mcprod.seoudisupermarket.com/media/catalog/product/cache/da04281da854ec319aff2207cb4cdbf5/6/2/6223005081407_new_imagee.jpg
3645325,6223005081322,Temry Chicken Livers - 500 g,temry-chicken-livers-500-g,108.0,108.0,https://mcprod.seoudisupermarket.com/media/catalog/product/cache/da04281da854ec319aff2207cb4cdbf5/6/2/6223005081322.jpg
3645331,6223005081445,Temry Chicken Breasts Fillets - 1 kg,temry-chicken-breasts-fillets-1-kg,410.0,410.0,https://mcprod.seoudisupermarket.com/media/catalog/product/cache/da04281da854ec319aff2207cb4cdbf5/6/2/6223005081445_new_imaage.jpg
573922,6223005081353,Temry Fresh Chicken Fillet - 500 g,temry-fresh-chicken-fillet-500-g,196.0,196.0,https://mcprod.seoudisupermarket.com/media/catalog/product/cache/da04281da854ec319aff2207cb4cdbf5/6/2/6223005081353_new_imaage.jpg
3645340,6224000507619,Mafaza Whole Chicken - 1300 - 1400 g,mafaza-whole-chicken-1300-1400-g,272.0,272.0,https://mcprod.seoudisupermarket.com/media/catalog/product/cache/da04281da854ec319aff2207cb4cdbf5/6/2/6224000507619.jpg
3645355,6224000705787,Mafaza Fillet Chicken Breasts - 1 kg,mafaza-fillet-chicken-breasts-1-kg,374.0,374.0,https://mcprod.seoudisupermarket.com/media/catalog/product/cache/da04281da854ec319aff2207cb4cdbf5/6/2/6224000705787.jpg
52995,2003877000000,South African Veal Striploin,south-african-veal-striploin,900.0,900.0,https://mcprod.seoudisupermarket.com/media/catalog/product/cache/da04281da854ec319aff2207cb4cdbf5/2/0/2003877000000.jpg
3646146,2000771000000,Frozen Veal Livers,frozen-veal-livers,219.95,259.95,https://mcprod.seoudisupermarket.com/media/catalog/product/cache/da04281da854ec319aff2207cb4cdbf5/l/i/liver-isolated-on-white-backgrou-removebg-preview.png
2210951,2007788000000,Marinated Curry Shish Tawook,marinated-curry-shish-tawook,321.0,321.0,https://mcprod.seoudisupermarket.com/media/catalog/product/cache/da04281da854ec319aff2207cb4cdbf5/2/0/2007788000000.jpg
2210954,2007789000000,Marinated Tandoori Chicken,marinated-tandoori-chicken,244.0,244.0,https://mcprod.seoudisupermarket.com/media/catalog/product/cache/da04281da854ec319aff2207cb4cdbf5/2/0/2007789000000_1.jpg
103850,2003685000000,Mafaza Baladi Chicken,mafaza-baladi-chicken,249.0,249.0,https://mcprod.seoudisupermarket.com/media/catalog/product/cache/da04281da854ec319aff2207cb4cdbf5/2/0/2003685000000.jpg
31143,2003899000000,Temry Chicken Drumbstick,temry-chicken-drumbstick,154.0,154.0,https://mcprod.seoudisupermarket.com/media/catalog/product/cache/da04281da854ec319aff2207cb4cdbf5/2/0/2003899000000.jpg
24423,2004022000000,Baladi Beef Shish Kebab,baladi-beef-shish-kebab,550.0,550.0,https://mcprod.seoudisupermarket.com/media/catalog/product/cache/da04281da854ec319aff2207cb4cdbf5/2/0/2004022138770_copy.jpg
6720,2000758000000,Kofta Pane,kofta-pane,405.0,405.0,https://mcprod.seoudisupermarket.com/media/catalog/product/cache/da04281da854ec319aff2207cb4cdbf5/2/0/2000758093932_copy.jpg
119666,2003842000000,Seoudi Marinated Half Chicken with Lemon & Coriander,seoudi-marinated-half-chicken-with-lemon-and-coriander,218.0,218.0,https://mcprod.seoudisupermarket.com/media/catalog/product/cache/da04281da854ec319aff2207cb4cdbf5/2/0/2003842000000.jpg
118964,2003841000000,Seoudi Marinated Chicken Breasts with Lemon & Coriander,seoudi-marinated-chicken-breasts-with-lemon-coriander,390.0,390.0,https://mcprod.seoudisupermarket.com/media/catalog/product/cache/da04281da854ec319aff2207cb4cdbf5/2/0/2003841000000.jpg
118187,2003840000000,Seoudi Marinated Chicken Thigh with Lemon & Coriander,seoudi-marinated-chicken-thigh-with-lemon-and-coriander,184.0,184.0,https://mcprod.seoudisupermarket.com/media/catalog/product/cache/da04281da854ec319aff2207cb4cdbf5/2/0/2003840000000.jpg
6768,2000702000000,Baladi Lamb Neck,baladi-lamb-neck,565.0,565.0,https://mcprod.seoudisupermarket.com/media/catalog/product/cache/da04281da854ec319aff2207cb4cdbf5/2/0/2000702000000.jpg
43569,2003863000000,Chicken Strips,chicken-strips,390.0,390.0,https://mcprod.seoudisupermarket.com/media/catalog/product/cache/da04281da854ec319aff2207cb4cdbf5/2/0/2003863103435_copy.jpg
38214,2000774000000,Balady Whole Low Fat Beef Tenderloin,balady-whole-low-fat-beef-tenderloin,860.0,860.0,https://mcprod.seoudisupermarket.com/media/catalog/product/cache/da04281da854ec319aff2207cb4cdbf5/2/0/2000774000000.jpg
96822,2000915000000,Baladi Beef Testicles,baladi-beef-testicles,270.0,270.0,https://mcprod.seoudisupermarket.com/media/catalog/product/cache/da04281da854ec319aff2207cb4cdbf5/2/0/2000915000000.jpg
9585,2000787000000,Fresh Pigeons - Pack of 2,fresh-pigeons-pack-of-2,299.0,299.0,https://mcprod.seoudisupermarket.com/media/catalog/product/cache/da04281da854ec319aff2207cb4cdbf5/2/0/2000787000000.jpg
15867,6224000705763,Mafaza Chicken thigh - 1 kg,mafaza-chicken-thigh-1-kg,190.0,190.0,https://mcprod.seoudisupermarket.com/media/catalog/product/cache/da04281da854ec319aff2207cb4cdbf5/6/2/6224000705763_thumbnail.jpg
20823,6224000705800,Mafaza Shish Tawook - 700 g,mafaza-shish-tawook-700-g,242.0,242.0,https://mcprod.seoudisupermarket.com/media/catalog/product/cache/da04281da854ec319aff2207cb4cdbf5/6/2/6224000705800_2.jpg
15903,6224000705855,Mafaza Chicken Drumsticks - 1 kg,mafaza-chicken-drumsticks-1-kg,213.0,213.0,https://mcprod.seoudisupermarket.com/media/catalog/product/cache/da04281da854ec319aff2207cb4cdbf5/6/2/6224000705855_thumbnail.jpg
19698,6223005081254,Temry Whole Chicken - 1000 - 1100 g,temry-whole-chicken-1000-1100-g,245.0,245.0,https://mcprod.seoudisupermarket.com/media/catalog/product/cache/da04281da854ec319aff2207cb4cdbf5/6/2/6223005081254_new_imaage.jpg
19212,6223005081452,Temry Shish Tawook - 1 kg,temry-shish-tawook-1-kg,344.95,382.0,https://mcprod.seoudisupermarket.com/media/catalog/product/cache/da04281da854ec319aff2207cb4cdbf5/6/2/6223005081452_new_imaage.jpg
40443,6223005081421,Temry Chicken Wings - 1 kg,temry-chicken-wings-1-kg,136.0,136.0,https://mcprod.seoudisupermarket.com/media/catalog/product/cache/da04281da854ec319aff2207cb4cdbf5/6/2/6223005081421_new_imaage.jpg
23112,6224000507114,Mafaza Whole Chicken - 1200 - 1300 g,mafaza-whole-chicken-1200-1300-g,252.0,252.0,https://mcprod.seoudisupermarket.com/media/catalog/product/cache/da04281da854ec319aff2207cb4cdbf5/m/i/microsoftteams-image_4__1_1_1.jpg
52653,6223002610716,Shahd Chicken Livers & Gizzards - 500 g,shahd-chicken-livers-and-gizzards-500-g,103.0,103.0,https://mcprod.seoudisupermarket.com/media/catalog/product/cache/da04281da854ec319aff2207cb4cdbf5/6/2/6223002610716_new.jpg
14721,6224000507091,Mafaza Whole Chicken - 1100 - 1200 g,mafaza-whole-chicken-1100-1200-g,232.0,232.0,https://mcprod.seoudisupermarket.com/media/catalog/product/cache/da04281da854ec319aff2207cb4cdbf5/m/i/microsoftteams-image_4__1_1_2.jpg
17829,6223005081438,Temry Chicken Drumsticks - 1 kg,temry-chicken-drumsticks-1-kg,225.0,225.0,https://mcprod.seoudisupermarket.com/media/catalog/product/cache/da04281da854ec319aff2207cb4cdbf5/6/2/6223005081438_new_imaage.jpg
39567,6223005081315,Temry Chicken Livers and Gizzards - 500 g,temry-chicken-livers-and-gizzards-500-g,98.0,98.0,https://mcprod.seoudisupermarket.com/media/catalog/product/cache/da04281da854ec319aff2207cb4cdbf5/6/2/6223005081315_1_.jpg
13524,6224000705909,Mafaza Chicken Livers - 500 g,mafaza-chicken-livers-500-g,109.0,109.0,https://mcprod.seoudisupermarket.com/media/catalog/product/cache/da04281da854ec319aff2207cb4cdbf5/6/2/6224000705909.jpg
40137,6224000705817,Mafaza Chicken Liver and Gizzards - 500 g,mafaza-chicken-liver-and-gizzards-500-g,104.0,104.0,https://mcprod.seoudisupermarket.com/media/catalog/product/cache/da04281da854ec319aff2207cb4cdbf5/6/2/6224000705817.jpg
6711,2000777000000,Fresh Rabbit,fresh-rabbit,289.0,289.0,https://mcprod.seoudisupermarket.com/media/catalog/product/cache/da04281da854ec319aff2207cb4cdbf5/2/0/2000777000000.jpg
52587,6223005081247,Temry Whole Chicken - 950-1000,temry-whole-chicken-9501000,219.0,219.0,https://mcprod.seoudisupermarket.com/media/catalog/product/cache/da04281da854ec319aff2207cb4cdbf5/6/2/6223005081247_copy.jpg
38376,6224000705848,Mafaza Chicken Wings - 1 kg,mafaza-chicken-wings-1-kg,143.0,143.0,https://mcprod.seoudisupermarket.com/media/catalog/product/cache/da04281da854ec319aff2207cb4cdbf5/6/2/6224000705848.jpg
20829,6224000507084,Mafaza Whole Chicken - 1000 - 1100 g,mafaza-whole-chicken-1000-1100-g,211.0,211.0,https://mcprod.seoudisupermarket.com/media/catalog/product/cache/da04281da854ec319aff2207cb4cdbf5/m/i/microsoftteams-image_4__1_1_3.jpg
1506721,2007767000000,Seoudi Marinated Chicken Shawerma,seoudi-marinated-chicken-shawerma,393.0,393.0,https://mcprod.seoudisupermarket.com/media/catalog/product/cache/da04281da854ec319aff2207cb4cdbf5/7/7/7767_copy.jpg
20832,2000902000000,Seoudi Fresh Roast Chicken Breasts,seoudi-fresh-roast-chicken-breasts,639.0,639.0,https://mcprod.seoudisupermarket.com/media/catalog/product/cache/da04281da854ec319aff2207cb4cdbf5/2/0/2000902039229_copy.jpg
22092,2000352000000,Seoudi Fresh Roast Turkey,seoudi-fresh-roast-turkey,685.0,685.0,https://mcprod.seoudisupermarket.com/media/catalog/product/cache/da04281da854ec319aff2207cb4cdbf5/2/0/2000352000000_3.png
15357,2000750000000,Seoudi Fresh Roast Beef,seoudi-fresh-roast-beef,1030.0,1030.0,https://mcprod.seoudisupermarket.com/media/catalog/product/cache/da04281da854ec319aff2207cb4cdbf5/2/0/2000750065357_copy.jpg
8428853,2003754000000,Lamb Shank,lamb-shank,665.0,665.0,https://mcprod.seoudisupermarket.com/media/catalog/product/cache/da04281da854ec319aff2207cb4cdbf5/2/0/2003754000000.jpg
8369873,2003755000000,Lamb Shoulder -  ,lamb-shoulder,685.0,685.0,https://mcprod.seoudisupermarket.com/media/catalog/product/cache/da04281da854ec319aff2207cb4cdbf5/2/0/2003755000000.jpg
8369870,2003752000000,Lamb Ribs Solo,lamb-ribs-solo,735.0,735.0,https://mcprod.seoudisupermarket.com/media/catalog/product/cache/da04281da854ec319aff2207cb4cdbf5/2/0/2003752000000.jpg
6435289,2003779000000,Lamb Kofta,lamb-kofta,525.0,525.0,https://mcprod.seoudisupermarket.com/media/catalog/product/cache/da04281da854ec319aff2207cb4cdbf5/2/0/2003779000000.jpg
3646194,2003958000000,South African Veal Escalopes,south-african-veal-escalopes,540.0,540.0,https://mcprod.seoudisupermarket.com/media/catalog/product/cache/da04281da854ec319aff2207cb4cdbf5/2/0/2003958000000_neewww_imaagee.png
33912,2003941000000,South African Veal Burgers,south-african-veal-burgers,420.0,420.0,https://mcprod.seoudisupermarket.com/media/catalog/product/cache/da04281da854ec319aff2207cb4cdbf5/2/0/2003941000000_new_imaagee.jpg
170361,2003891000000,Shahd Whole Chicken,shahd-whole-chicken,223.0,223.0,https://mcprod.seoudisupermarket.com/media/catalog/product/cache/da04281da854ec319aff2207cb4cdbf5/2/0/2003891000000.jpg
52584,6223005081285,Temry Whole Chicken - 1300-1400 g,temry-whole-chicken-13001400-g,304.0,304.0,https://mcprod.seoudisupermarket.com/media/catalog/product/cache/da04281da854ec319aff2207cb4cdbf5/6/2/6223005081285_new_imaage.jpg
14820,6224000705824,Mafaza Chicken Livers - 1 kg,mafaza-chicken-livers-1-kg,218.0,218.0,https://mcprod.seoudisupermarket.com/media/catalog/product/cache/da04281da854ec319aff2207cb4cdbf5/6/2/6224000705824.png
